Question,Answer
What are the early symptoms of diabetes?,"Early symptoms of diabetes can vary, but some common signs to look out for include frequent urination, increased thirst, unexplained weight loss, fatigue, blurred vision, and slow healing wounds or cuts. If you are experiencing any of these symptoms, it is important to consult with a healthcare provider for proper evaluation and diagnosis."
Can children take paracetamol?,"Yes, children can take paracetamol. However, it is important to follow the recommended dosage based on the child's age and weight, as well as any specific instructions provided by a healthcare provider. Always consult a healthcare professional before giving any medication to children."
What foods are good for heart health?,"Foods that are good for heart health include:

- Fatty fish like salmon, mackerel, and sardines, which are high in omega-3 fatty acids
- Nuts, seeds, and whole grains, which are sources of healthy fats and fiber
- Fruits and vegetables, which are rich in vitamins, minerals, and antioxidants
- Legumes like beans, lentils, and chickpeas, which are high in protein and fiber
- Olive oil, which is a healthy source of monounsaturated fats
- Dark chocolate in moderation, which contains antioxidants
- Green tea, which may have heart-healthy benefits due to its antioxidant properties

Including these foods in your diet can help promote heart health and reduce the risk of heart disease. It is also important to maintain a balanced diet, exercise regularly, and avoid smoking to keep your heart healthy."
What are the early symptoms of diabetes?,"The early symptoms of diabetes can vary, but common signs include increased thirst, frequent urination, extreme fatigue, unexplained weight loss, blurred vision, slow-healing sores or frequent infections, and tingling, pain, or numbness in the hands or feet. It is important to consult a healthcare professional for proper diagnosis and management."
What foods are good for heart health?,"Foods that are good for heart health include:
- Fatty fish such as salmon, mackerel, and sardines, which are high in omega-3 fatty acids
- Nuts, seeds, and whole grains, which are sources of healthy fats, fiber, and antioxidants
- Fruits and vegetables, which are high in vitamins, minerals, and fiber
- Olive oil, which is a healthy source of monounsaturated fats
- Beans and legumes, which are high in protein and fiber
- Dark chocolate in moderation, which is rich in antioxidants
- Green tea, which contains compounds that may improve heart health

It is important to maintain a balanced and varied diet to support heart health. Additionally, regular physical activity, not smoking, and managing stress are also important factors in maintaining a healthy heart."
